experiment,run_id,run_name,status,start_time,end_time,param__eval_end,param__eval_start,param__feature_count,param__fold,param__model,param__train_end,metric__average_precision,metric__brier,metric__mean_predicted_risk,metric__observed_delinquency_rate,metric__roc_auc,metric__top20_capture,param__config_id,param__max_depth,param__max_features,param__min_samples_leaf,param__learning_rate,param__min_child_weight,param__development_end,param__final_holdout,param__holdout_end,param__holdout_start,metric__calibration_in_the_large_error,metric__development_mean_roc_auc,metric__prevalence_baseline_brier,metric__roc_auc_drop_vs_development,param__calibration_days,param__calibration_method,param__development_only,metric__abs_calibration_gap,metric__ece_10bin,param__calibration_end,param__calibration_start,param__confirmatory_only,param__method
module4_candidate_model_benchmark,d4e9f82a774e49c19afe49010df230d8,logistic_regression_late_june,FINISHED,2026-09-18 10:44:27.857000+00:00,2026-09-18 10:44:28.333000+00:00,2016-06-23,2016-06-14,12,late_june,logistic_regression,2016-06-13,0.6778193268993726,0.08091634156991455,0.17436908801503603,0.16468119669689996,0.8987723389396393,0.7392108508014796,,,,,,,,,,,,,,,,,,,,,,,
module4_candidate_model_benchmark,ca6e8e1f5c3e40c796ebe4026977a858,random_forest_late_june,FINISHED,2026-09-18 10:44:28.355000+00:00,2026-09-18 10:44:35.137000+00:00,2016-06-23,2016-06-14,12,late_june,random_forest,2016-06-13,0.7613204341861362,0.07253771276585637,0.14795383408601398,0.16468119669689996,0.9099869826311521,0.7642827784628031,,,,,,,,,,,,,,,,,,,,,,,
module4_candidate_model_benchmark,31b9449c327343ca873051f6b084faa4,xgboost_late_june,FINISHED,2026-09-18 10:44:35.156000+00:00,2026-09-18 10:44:36.787000+00:00,2016-06-23,2016-06-14,12,late_june,xgboost,2016-06-13,0.7740956448171384,0.06891924142837524,0.16354615986347198,0.16468119669689996,0.920958409297543,0.7696259761611179,,,,,,,,,,,,,,,,,,,,,,,
module4_candidate_model_benchmark,2e436e9575cc48119d96dfad2b471dbc,logistic_regression_turn_of_month,FINISHED,2026-09-18 10:44:36.836000+00:00,2026-09-18 10:44:37.269000+00:00,2016-07-03,2016-06-24,12,turn_of_month,logistic_regression,2016-06-23,0.4447267170149526,0.1201411105535257,0.15815965394625942,0.15695488721804512,0.705531649264152,0.5493457529385674,,,,,,,,,,,,,,,,,,,,,,,
module4_candidate_model_benchmark,f5b8938adad64ac791f6d4e271c4f9b1,random_forest_turn_of_month,FINISHED,2026-09-18 10:44:37.286000+00:00,2026-09-18 10:44:51.520000+00:00,2016-07-03,2016-06-24,12,turn_of_month,random_forest,2016-06-23,0.5623743991216702,0.09812822754441924,0.17049493581098651,0.15695488721804512,0.8552586529049063,0.6373918829008649,,,,,,,,,,,,,,,,,,,,,,,
module4_candidate_model_benchmark,662b475d85934f2cb33a2806511fff0f,xgboost_turn_of_month,FINISHED,2026-09-18 10:44:51.542000+00:00,2026-09-18 10:44:53.762000+00:00,2016-07-03,2016-06-24,12,turn_of_month,xgboost,2016-06-23,0.5415732953775718,0.10432733595371246,0.1790107935667038,0.15695488721804512,0.8328562834783886,0.5925925925925926,,,,,,,,,,,,,,,,,,,,,,,
module4_candidate_model_benchmark,bba6e7a770a64983b9f9fa6087f2e2e9,logistic_regression_early_july,FINISHED,2026-09-18 10:44:53.821000+00:00,2026-09-18 10:44:54.473000+00:00,2016-07-13,2016-07-04,12,early_july,logistic_regression,2016-07-03,0.42883560679663046,0.17989075139283894,0.3765360616345084,0.18220956418068618,0.8009087207058158,0.5174482006543075,,,,,,,,,,,,,,,,,,,,,,,
module4_candidate_model_benchmark,cc08c20471a3440bb536c159cb6c8afe,random_forest_early_july,FINISHED,2026-09-18 10:44:54.499000+00:00,2026-09-18 10:45:15.707000+00:00,2016-07-13,2016-07-04,12,early_july,random_forest,2016-07-03,0.5639261421743096,0.1365281243350887,0.3369137903284524,0.18220956418068618,0.841302397764486,0.5817884405670665,,,,,,,,,,,,,,,,,,,,,,,
module4_candidate_model_benchmark,a43716fc7c3449e9a473fabe2833fcde,xgboost_early_july,FINISHED,2026-09-18 10:45:15.726000+00:00,2026-09-18 10:45:18.366000+00:00,2016-07-13,2016-07-04,12,early_july,xgboost,2016-07-03,0.5582100655373001,0.1463460475206375,0.35192450881004333,0.18220956418068618,0.8446886915106627,0.5877862595419847,,,,,,,,,,,,,,,,,,,,,,,
module4_model_tuning,4567f8b512a6482cab2796598d76d0bf,random_forest_01_late_june,FINISHED,2026-09-18 12:20:48.343000+00:00,2026-09-18 12:20:53.421000+00:00,,,12,late_june,random_forest,,0.7653707915918382,0.07164052140157579,,,0.9132981595770789,0.7675709001233045,random_forest_01,8,sqrt,20,,,,,,,,,,,,,,,,,,,
module4_model_tuning,86010a5aa34b45f38e86febf80825b7b,random_forest_01_turn_of_month,FINISHED,2026-09-18 12:20:53.472000+00:00,2026-09-18 12:21:03.321000+00:00,,,12,turn_of_month,random_forest,,0.5669643692047421,0.09746935182394258,,,0.8582421798662425,0.6416056775338213,random_forest_01,8,sqrt,20,,,,,,,,,,,,,,,,,,,
module4_model_tuning,103d1e96ba8047178a99ada76c6165a9,random_forest_01_early_july,FINISHED,2026-09-18 12:21:03.373000+00:00,2026-09-18 12:21:18.023000+00:00,,,12,early_july,random_forest,,0.5625168318679258,0.13453255054119873,,,0.8417314295571028,0.5830607051981098,random_forest_01,8,sqrt,20,,,,,,,,,,,,,,,,,,,
module4_model_tuning,6252416825944211b7de09cf292078f2,random_forest_02_late_june,FINISHED,2026-09-18 12:21:18.071000+00:00,2026-09-18 12:21:24.121000+00:00,,,12,late_june,random_forest,,0.7613204341861362,0.07253771276585637,,,0.9099869826311521,0.7642827784628031,random_forest_02,12,sqrt,20,,,,,,,,,,,,,,,,,,,
module4_model_tuning,00e3b6468d214e33b8e8f8949f71e0e8,random_forest_02_turn_of_month,FINISHED,2026-09-18 12:21:24.340000+00:00,2026-09-18 12:21:36.762000+00:00,,,12,turn_of_month,random_forest,,0.5623743991216702,0.09812822754441924,,,0.8552586529049063,0.6373918829008649,random_forest_02,12,sqrt,20,,,,,,,,,,,,,,,,,,,
module4_model_tuning,24912381b7594be0b4af78f183c83522,random_forest_02_early_july,FINISHED,2026-09-18 12:21:36.825000+00:00,2026-09-18 12:21:56.365000+00:00,,,12,early_july,random_forest,,0.5639261421743096,0.1365281243350887,,,0.841302397764486,0.5817884405670665,random_forest_02,12,sqrt,20,,,,,,,,,,,,,,,,,,,
module4_model_tuning,56a582969619499fa9010fb96ac88cd5,random_forest_03_late_june,FINISHED,2026-09-18 12:21:56.412000+00:00,2026-09-18 12:22:10.938000+00:00,,,12,late_june,random_forest,,0.7481861727974993,0.07652017382147756,,,0.9020405734389857,0.7427044800657624,random_forest_03,12,0.7,10,,,,,,,,,,,,,,,,,,,
module4_model_tuning,c8199c74b87c4608b7bb2e12b9549a9a,random_forest_03_turn_of_month,FINISHED,2026-09-18 12:22:10.998000+00:00,2026-09-18 12:22:40.421000+00:00,,,12,turn_of_month,random_forest,,0.5416238715733702,0.10152710898678584,,,0.8440582763161438,0.6101131071190952,random_forest_03,12,0.7,10,,,,,,,,,,,,,,,,,,,
module4_model_tuning,f056526e7a914c0195f464b0bfd15fa5,random_forest_03_early_july,FINISHED,2026-09-18 12:22:40.486000+00:00,2026-09-18 12:23:26.986000+00:00,,,12,early_july,random_forest,,0.5645307226309266,0.13033164989565713,,,0.8385586212831388,0.5848782260996002,random_forest_03,12,0.7,10,,,,,,,,,,,,,,,,,,,
module4_model_tuning,1d1695834671465bb431c9e5dd99c0bb,random_forest_04_late_june,FINISHED,2026-09-18 12:23:27.043000+00:00,2026-09-18 12:23:33.262000+00:00,,,12,late_june,random_forest,,0.7598060455001623,0.07279252829391845,,,0.9078605925739567,0.761816687217427,random_forest_04,None,sqrt,20,,,,,,,,,,,,,,,,,,,
module4_model_tuning,e143a719cb0d4851a81b49e92730cb5b,random_forest_04_turn_of_month,FINISHED,2026-09-18 12:23:33.318000+00:00,2026-09-18 12:23:46.491000+00:00,,,12,turn_of_month,random_forest,,0.563879785636557,0.09808330825559272,,,0.8536172307197084,0.6349523175870482,random_forest_04,None,sqrt,20,,,,,,,,,,,,,,,,,,,
module4_model_tuning,327e5f7e02264118ab1b15d234491feb,random_forest_04_early_july,FINISHED,2026-09-18 12:23:46.550000+00:00,2026-09-18 12:24:10.034000+00:00,,,12,early_july,random_forest,,0.5649026299235558,0.13570260640025522,,,0.8405841958498226,0.5806979280261723,random_forest_04,None,sqrt,20,,,,,,,,,,,,,,,,,,,
module4_model_tuning,f2d96664afcd4e279904a164d2e73808,xgboost_01_late_june,FINISHED,2026-09-18 12:24:10.095000+00:00,2026-09-18 12:24:11.403000+00:00,,,12,late_june,xgboost,,0.7690857765593497,0.06918266415596008,,,0.9192945945255546,0.769009453349774,xgboost_01,3,,,0.05,5,,,,,,,,,,,,,,,,,
module4_model_tuning,451b392a688a4c57a7221bd974aa09db,xgboost_01_turn_of_month,FINISHED,2026-09-18 12:24:11.449000+00:00,2026-09-18 12:24:13.362000+00:00,,,12,turn_of_month,xgboost,,0.5345419719518375,0.10482806712388992,,,0.8201007731704791,0.5815036593479708,xgboost_01,3,,,0.05,5,,,,,,,,,,,,,,,,,
module4_model_tuning,ccab114560874361953d9a6017c50e30,xgboost_01_early_july,FINISHED,2026-09-18 12:24:13.412000+00:00,2026-09-18 12:24:15.783000+00:00,,,12,early_july,xgboost,,0.5452503768674354,0.1446370631456375,,,0.8435843124055084,0.5846964740094511,xgboost_01,3,,,0.05,5,,,,,,,,,,,,,,,,,
module4_model_tuning,51741363c61e484589c55b91b52fc12c,xgboost_02_late_june,FINISHED,2026-09-18 12:24:15.830000+00:00,2026-09-18 12:24:17.264000+00:00,,,12,late_june,xgboost,,0.7740956448171384,0.06891924142837524,,,0.920958409297543,0.7696259761611179,xgboost_02,4,,,0.05,5,,,,,,,,,,,,,,,,,
module4_model_tuning,2b1e4a32bb4d4358beefa21c8a933ee4,xgboost_02_turn_of_month,FINISHED,2026-09-18 12:24:17.309000+00:00,2026-09-18 12:24:19.474000+00:00,,,12,turn_of_month,xgboost,,0.5415732953775718,0.10432733595371246,,,0.8328562834783886,0.5925925925925926,xgboost_02,4,,,0.05,5,,,,,,,,,,,,,,,,,
module4_model_tuning,355b5f3986d641c9912286d5feb69e50,xgboost_02_early_july,FINISHED,2026-09-18 12:24:19.594000+00:00,2026-09-18 12:24:21.960000+00:00,,,12,early_july,xgboost,,0.5582100655373001,0.1463460475206375,,,0.8446886915106627,0.5877862595419847,xgboost_02,4,,,0.05,5,,,,,,,,,,,,,,,,,
module4_model_tuning,9b1209d4d01443daa5e0aeecd63fe19e,xgboost_03_late_june,FINISHED,2026-09-18 12:24:22.002000+00:00,2026-09-18 12:24:23.490000+00:00,,,12,late_june,xgboost,,0.7727633640858094,0.06968516111373901,,,0.9198785451893419,0.7681874229346486,xgboost_03,5,,,0.05,5,,,,,,,,,,,,,,,,,
module4_model_tuning,365af0f9d52b41b480e3814076dae76a,xgboost_03_turn_of_month,FINISHED,2026-09-18 12:24:23.537000+00:00,2026-09-18 12:24:25.662000+00:00,,,12,turn_of_month,xgboost,,0.5507935141744603,0.10305532813072205,,,0.8416578810027019,0.5994677312042581,xgboost_03,5,,,0.05,5,,,,,,,,,,,,,,,,,
module4_model_tuning,b9fb506e60e34cedb78f208ae3bdf807,xgboost_03_early_july,FINISHED,2026-09-18 12:24:25.713000+00:00,2026-09-18 12:24:28.387000+00:00,,,12,early_july,xgboost,,0.5624372592042186,0.14588749408721924,,,0.8447316160344235,0.5812431842966194,xgboost_03,5,,,0.05,5,,,,,,,,,,,,,,,,,
module4_model_tuning,e7dea4f93f5d46f7ba53e90514d62233,xgboost_04_late_june,FINISHED,2026-09-18 12:24:28.430000+00:00,2026-09-18 12:24:30.027000+00:00,,,12,late_june,xgboost,,0.7719593718595169,0.06900639832019806,,,0.9203829930026834,0.7688039457459926,xgboost_04,4,,,0.03,10,,,,,,,,,,,,,,,,,
module4_model_tuning,e68abab206b3479a88192311f695f792,xgboost_04_turn_of_month,FINISHED,2026-09-18 12:24:30.076000+00:00,2026-09-18 12:24:32.115000+00:00,,,12,turn_of_month,xgboost,,0.5383913887187821,0.1035526841878891,,,0.8286604690431498,0.5834996673320026,xgboost_04,4,,,0.03,10,,,,,,,,,,,,,,,,,
module4_model_tuning,2cef297972224b84a589a37f91cb96db,xgboost_04_early_july,FINISHED,2026-09-18 12:24:32.167000+00:00,2026-09-18 12:24:34.934000+00:00,,,12,early_july,xgboost,,0.5482569310620347,0.14499346911907196,,,0.8434297119902827,0.5856052344601963,xgboost_04,4,,,0.03,10,,,,,,,,,,,,,,,,,
module4_final_holdout_evaluation,9c6dd0dc490f49cf8e52de3afcb919b2,logistic_regression_final_holdout,FINISHED,2026-09-18 12:29:20.455000+00:00,2026-09-18 12:29:21.871000+00:00,,,12,,logistic_regression,,0.4825241657998358,0.18079513209141926,0.39658821153917084,0.20779810108908126,0.8015669043254929,0.5071392575172182,,,,,,,2016-07-13,True,2016-07-23,2016-07-14,0.1887901104500896,0.801738,0.16640835366193293,0.0001710956745070158,,,,,,,,,
module4_final_holdout_evaluation,49f5d07b01034d028ada579d44c4251f,random_forest_final_holdout,FINISHED,2026-09-18 12:29:21.904000+00:00,2026-09-18 12:29:42.466000+00:00,,,12,,random_forest,,0.5806827041741648,0.14895896052082072,0.36565499472992824,0.20779810108908126,0.8308411890794554,0.5419116411893163,,,,,,,2016-07-13,True,2016-07-23,2016-07-14,0.15785689364084698,0.871091,0.16640835366193293,0.04024981092054458,,,,,,,,,
module4_final_holdout_evaluation,b2ddcbac7cbd4e2ca7ee960af855b512,xgboost_final_holdout,FINISHED,2026-09-18 12:29:42.486000+00:00,2026-09-18 12:29:45.564000+00:00,,,12,,xgboost,,0.5822111329614802,0.1548139750957489,0.3717016875743866,0.20779810108908126,0.8316420575406225,0.5504787502099782,,,,,,,2016-07-13,True,2016-07-23,2016-07-14,0.16390358648530534,0.868756,0.16640835366193293,0.03711394245937749,,,,,,,,,
module4_final_holdout_evaluation,3693b2ba4744421a8f16976bd7fcfada,logistic_regression_final_holdout,FINISHED,2026-09-18 13:00:23.868000+00:00,2026-09-18 13:00:25.027000+00:00,,,12,,logistic_regression,,0.4825241657998358,0.18079513209141926,0.39658821153917084,0.20779810108908126,0.8015669043254929,0.5071392575172182,,,,,,,2016-07-13,True,2016-07-23,2016-07-14,0.1887901104500896,0.801738,0.16640835366193293,0.0001710956745070158,,,,,,,,,
module4_final_holdout_evaluation,ad91333537c642598ecdf61e856b2a4d,random_forest_final_holdout,FINISHED,2026-09-18 13:00:25.050000+00:00,2026-09-18 13:00:44.781000+00:00,,,12,,random_forest,,0.5806827041741648,0.14895896052082072,0.36565499472992824,0.20779810108908126,0.8308411890794554,0.5419116411893163,,,,,,,2016-07-13,True,2016-07-23,2016-07-14,0.15785689364084698,0.871091,0.16640835366193293,0.04024981092054458,,,,,,,,,
module4_final_holdout_evaluation,196a8b3db3934edb8e9c047ab21fbdff,xgboost_final_holdout,FINISHED,2026-09-18 13:00:44.798000+00:00,2026-09-18 13:00:47.985000+00:00,,,12,,xgboost,,0.5822111329614802,0.1548139750957489,0.3717016875743866,0.20779810108908126,0.8316420575406225,0.5504787502099782,,,,,,,2016-07-13,True,2016-07-23,2016-07-14,0.16390358648530534,0.868756,0.16640835366193293,0.03711394245937749,,,,,,,,,
module4_development_calibration,ad10621dca3a426e87f6d9d7397035f5,random_forest_uncalibrated_late_june,FINISHED,2026-09-18 13:05:53.654000+00:00,2026-09-18 13:05:53.798000+00:00,,,12,late_june,random_forest,,0.6616914072195115,0.08841595522225916,0.11511033633782461,0.16468119669689996,0.8233686083363448,0.6426222770242499,,,,,,,,,,,,,,,7,uncalibrated,True,0.04957086035907535,0.05680864770133152,,,,
module4_development_calibration,1ba03567bcb6477592d82f0fbd7630bf,random_forest_platt_late_june,FINISHED,2026-09-18 13:05:53.869000+00:00,2026-09-18 13:05:53.948000+00:00,,,12,late_june,random_forest,,0.6616914072195115,0.08602477890448017,0.1343323510314194,0.16468119669689996,0.8233686083363448,0.6426222770242499,,,,,,,,,,,,,,,7,platt,True,0.030348845665480545,0.04043638680957391,,,,
module4_development_calibration,57c82f95e5384c289d82792b9ef85ad9,random_forest_isotonic_late_june,FINISHED,2026-09-18 13:05:53.996000+00:00,2026-09-18 13:05:54.080000+00:00,,,12,late_june,random_forest,,0.646801796048643,0.0859102317654568,0.1320897572710978,0.16468119669689996,0.8226240075444821,0.6391286477599671,,,,,,,,,,,,,,,7,isotonic,True,0.03259143942580214,0.04048333287553444,,,,
module4_development_calibration,d36d374aca5e4b48a8d3d9efe753d1a5,xgboost_uncalibrated_late_june,FINISHED,2026-09-18 13:05:55.288000+00:00,2026-09-18 13:05:55.365000+00:00,,,12,late_june,xgboost,,0.7185080885866958,0.08802128980719798,0.09737018117408916,0.16468119669689996,0.8754614096153046,0.7038635429510892,,,,,,,,,,,,,,,7,uncalibrated,True,0.0673110155228108,0.07811301022413149,,,,
module4_development_calibration,ce17380100bd458fac50c5f513d794c9,xgboost_platt_late_june,FINISHED,2026-09-18 13:05:55.422000+00:00,2026-09-18 13:05:55.529000+00:00,,,12,late_june,xgboost,,0.7185080885866958,0.0808788589979645,0.12652331568576855,0.16468119669689996,0.8754614096153046,0.7038635429510892,,,,,,,,,,,,,,,7,platt,True,0.038157881011131406,0.046838294647074605,,,,
module4_development_calibration,f1046a655fcf4f80b5222050b480ffd8,xgboost_isotonic_late_june,FINISHED,2026-09-18 13:05:55.571000+00:00,2026-09-18 13:05:55.668000+00:00,,,12,late_june,xgboost,,0.708722061244581,0.08034001323671755,0.1251259780157052,0.16468119669689996,0.8748962387262652,0.7038635429510892,,,,,,,,,,,,,,,7,isotonic,True,0.03955521868119474,0.04650042164652645,,,,
module4_development_calibration,868cb59855f54a26ac20dbd19cafcc00,random_forest_uncalibrated_turn_of_month,FINISHED,2026-09-18 13:06:02.364000+00:00,2026-09-18 13:06:02.450000+00:00,,,12,turn_of_month,random_forest,,0.5612112257819791,0.10064170093804133,0.14100862640945522,0.15695488721804512,0.8459907652569029,0.6336216455976935,,,,,,,,,,,,,,,7,uncalibrated,True,0.015946260808589907,0.03931033470678343,,,,
module4_development_calibration,785812f80747452798e86954fa69b51d,random_forest_platt_turn_of_month,FINISHED,2026-09-18 13:06:02.500000+00:00,2026-09-18 13:06:02.569000+00:00,,,12,turn_of_month,random_forest,,0.5612112257819791,0.10223879088143964,0.12749699501479148,0.15695488721804512,0.8459907652569029,0.6336216455976935,,,,,,,,,,,,,,,7,platt,True,0.02945789220325365,0.04983200535651168,,,,
module4_development_calibration,287756d132ca439e904c437b8f73c498,random_forest_isotonic_turn_of_month,FINISHED,2026-09-18 13:06:02.608000+00:00,2026-09-18 13:06:02.670000+00:00,,,12,turn_of_month,random_forest,,0.5492781072729908,0.09968813043744515,0.12396233905137156,0.15695488721804512,0.8453355388309955,0.6338434242625859,,,,,,,,,,,,,,,7,isotonic,True,0.03299254816667356,0.048506456943560386,,,,
module4_development_calibration,66de06a47005490a9e086d571d6792e3,xgboost_uncalibrated_turn_of_month,FINISHED,2026-09-18 13:06:04.454000+00:00,2026-09-18 13:06:04.564000+00:00,,,12,turn_of_month,xgboost,,0.5406178491970346,0.10665528655150618,0.12488590771593795,0.15695488721804512,0.8318562053764758,0.5839432246617875,,,,,,,,,,,,,,,7,uncalibrated,True,0.03206897950210717,0.06856468956620322,,,,
module4_development_calibration,425db7d828c34fcbbbfdc6fd2874a756,xgboost_platt_turn_of_month,FINISHED,2026-09-18 13:06:04.615000+00:00,2026-09-18 13:06:04.821000+00:00,,,12,turn_of_month,xgboost,,0.5406178491970346,0.10390025563516375,0.11853921617333292,0.15695488721804512,0.8318562053764758,0.5839432246617875,,,,,,,,,,,,,,,7,platt,True,0.038415671044712205,0.05698920149032312,,,,
module4_development_calibration,f34fdb88e302400896fb4a1d8575a651,xgboost_isotonic_turn_of_month,FINISHED,2026-09-18 13:06:04.861000+00:00,2026-09-18 13:06:04.919000+00:00,,,12,turn_of_month,xgboost,,0.5278479995222622,0.10323053201125515,0.11616488069707184,0.15695488721804512,0.8299122882275418,0.5872699046351741,,,,,,,,,,,,,,,7,isotonic,True,0.04079000652097328,0.058963986193817874,,,,
module4_development_calibration,ad4183a709184e2c888032eb860bc572,random_forest_uncalibrated_early_july,FINISHED,2026-09-18 13:06:17.127000+00:00,2026-09-18 13:06:17.194000+00:00,,,12,early_july,random_forest,,0.5388503207020596,0.11719645704339464,0.1603319910277758,0.18220956418068618,0.8327180376650625,0.5812431842966194,,,,,,,,,,,,,,,7,uncalibrated,True,0.02187757315291039,0.04815131967324968,,,,
module4_development_calibration,38b67d8316f04f0495713b951d350dcd,random_forest_platt_early_july,FINISHED,2026-09-18 13:06:17.242000+00:00,2026-09-18 13:06:17.297000+00:00,,,12,early_july,random_forest,,0.5388503207020596,0.12534250288833867,0.12636998662127535,0.18220956418068618,0.8327180376650625,0.5812431842966194,,,,,,,,,,,,,,,7,platt,True,0.055839577559410825,0.06965154446797582,,,,
module4_development_calibration,4dc816814a61407b940415955138f608,random_forest_isotonic_early_july,FINISHED,2026-09-18 13:06:17.335000+00:00,2026-09-18 13:06:17.413000+00:00,,,12,early_july,random_forest,,0.5251580987239898,0.11580581774792374,0.13263237000182235,0.18220956418068618,0.8316338953531316,0.5817884405670665,,,,,,,,,,,,,,,7,isotonic,True,0.04957719417886383,0.05029088232610099,,,,
module4_development_calibration,1f25c03f5b8a46a3b78a098f1f73d71e,xgboost_uncalibrated_early_july,FINISHED,2026-09-18 13:06:19.799000+00:00,2026-09-18 13:06:19.899000+00:00,,,12,early_july,xgboost,,0.5009588519360705,0.12486746655728086,0.12111244048546134,0.18220956418068618,0.8199060609456992,0.5439840058160669,,,,,,,,,,,,,,,7,uncalibrated,True,0.06109712369522484,0.07361205067299134,,,,
module4_development_calibration,d65d03ad66e0436ebd4e62a48abfc3cc,xgboost_platt_early_july,FINISHED,2026-09-18 13:06:19.955000+00:00,2026-09-18 13:06:20.023000+00:00,,,12,early_july,xgboost,,0.5009588519360705,0.1278526527762663,0.11255071020293138,0.18220956418068618,0.8199060609456992,0.5439840058160669,,,,,,,,,,,,,,,7,platt,True,0.0696588539777548,0.07203180924845808,,,,
module4_development_calibration,76b71644400d457dafb92d606612b2e3,xgboost_isotonic_early_july,FINISHED,2026-09-18 13:06:20.070000+00:00,2026-09-18 13:06:20.146000+00:00,,,12,early_july,xgboost,,0.4865418147725235,0.12418247556369695,0.11182457607314734,0.18220956418068618,0.8195357302057665,0.5450745183569611,,,,,,,,,,,,,,,7,isotonic,True,0.07038498810753883,0.07099544713461546,,,,
module4_calibrated_holdout_sensitivity,0b1ef24c28e1423eae51bde1ae0559d4,random_forest_uncalibrated_same_split_holdout,FINISHED,2026-09-18 13:17:27.682000+00:00,2026-09-18 13:17:27.787000+00:00,,,12,,random_forest,2016-07-06,0.5777066369539405,0.142384143246303,0.3467387460746797,0.20779810108908126,0.8290698153380152,0.5403997984209642,,,,,,,,,2016-07-23,2016-07-14,0.13894064498559844,,0.16670110343203626,,,,,,0.13894064498559847,2016-07-13,2016-07-07,True,uncalibrated_same_split
module4_calibrated_holdout_sensitivity,e6a4da6aae854113a44844eb5d59a701,random_forest_isotonic_holdout,FINISHED,2026-09-18 13:17:27.832000+00:00,2026-09-18 13:17:27.893000+00:00,,,12,,random_forest,2016-07-06,0.5666773831673494,0.12295620178707005,0.17852108953385395,0.20779810108908126,0.8287232694884992,0.5403997984209642,,,,,,,,,2016-07-23,2016-07-14,-0.0292770115552273,,0.16670110343203626,,,,,,0.029277011555227307,2016-07-13,2016-07-07,True,isotonic
module4_calibrated_holdout_sensitivity,c29f08a31eae4ab990f1c3d98b149eee,xgboost_uncalibrated_same_split_holdout,FINISHED,2026-09-18 13:17:30.500000+00:00,2026-09-18 13:17:30.595000+00:00,,,12,,xgboost,2016-07-06,0.5751997972311953,0.14875081181526184,0.3541100025177002,0.20779810108908126,0.8270312239146427,0.545775239375105,,,,,,,,,2016-07-23,2016-07-14,0.14631190142861894,,0.16670110343203626,,,,,,0.14631189770827815,2016-07-13,2016-07-07,True,uncalibrated_same_split
module4_calibrated_holdout_sensitivity,60c53b5f760e47a5af3f970b5774a1fe,xgboost_isotonic_holdout,FINISHED,2026-09-18 13:17:30.639000+00:00,2026-09-18 13:17:30.700000+00:00,,,12,,xgboost,2016-07-06,0.5688709576380642,0.12341488152742386,0.17935854196548462,0.20779810108908126,0.8271426904450585,0.5451033092558374,,,,,,,,,2016-07-23,2016-07-14,-0.028439559123596636,,0.16670110343203626,,,,,,0.029122518686416264,2016-07-13,2016-07-07,True,isotonic
